serial_no,activity,expenditure_code,column_4,column_5,column_6,column_7,column_8,development_goal_no
1,गरिव तथा जेहन्दार विद्यार्थीहरु दुर्घटना विमा,२२२१४,"१,००","१,००",०,०,०,1
2,सि.सि क्यामरा मर्मत,२२२२१,"१,००","१,००",०,०,०,3
3,पुस्तक तथा सामग्री खर्च,२२३१३,५०,५०,०,०,०,4
4,आदिकवि भानुभक्त माध्यमिक विद्यालय शैक्षिक सामाग्री,२२३१३,"३,००","३,००",०,०,०,4
5,सार्वजनिक सूचना प्रकाशन प्रशारण,२२३१५,८३,८३,०,०,०,16
6,अन्य कार्यालय संचालन खर्च,२२३१९,"७,००","७,००",०,०,०,16
7,विजुली मिस्री र सहयोगीको पारिश्रमिक,२२४१३,"५,००","५,००",०,०,०,8
8,युवा स्वंयम सेवक खेलकुद शिक्षक २ (स्वंयसेवक शिक्षक व्यवस्थापन),२२४१३,"४,००","४,००",०,०,०,4
9,सडक सफाई तथा वडाका विद्यालयका शौचालय सफाइ गर्ने कामदारको पारिश्रमिक,२२४१३,"५,००","५,००",०,०,०,8
10,गुबाजु तालिम,२२५१२,"१,००","१,००",०,०,०,9
11,"विविध सिप मुलक, उदघोषण तथा नेतृत्व विकास तालिम",२२५१२,"२,००","२,००",०,०,०,9
12,मादल बजाउने तालिम २ स्थान समुह,२२५१२,"१,५०","१,५०",०,०,०,9
13,नेलआर्ट तालिम,२२५१२,"१,५०","१,५०",०,०,०,9
14,विद्यार्थी अभिभावक युवा लक्षित साईवर सुरक्षा डिजिटल साक्षरता सम्बन्धित तालिम,२२५१२,"१,००","१,००",०,०,०,9
15,"(बारिष्टा) कफी बनाउने सिकाउने तालिम, बेकरी तथा फास्टफुड तालिम",२२५१२,"२,००","२,००",०,०,०,9
16,क्षयरोग तथा नसर्ने रोगको विरुद्ध जनचेतना कार्यक्रम,२२५२२,५५,५५,०,०,०,4
17,सामुदायिक कुकुर लाइ बन्ध्याकरण तथा रेविज रोकथाम कार्य,२२५२२,"१,००","१,००",०,०,०,11
