child_host,child_name,child_level,child_government,child_ankamala_jurisdiction,assigned_parent_host,assigned_parent_name,parent_level,parent_government,parent_ankamala_jurisdiction,placement_rule,support_n,ankamala_named_parent,ankamala_evidence_chain,child_source_ok,child_source_urls,child_source_methods,child_official_jurisdiction,child_official_confidence,parent_source_ok,parent_source_urls,parent_source_methods,parent_official_jurisdiction,parent_official_confidence,assigned_parent_host_linked_in_child_header,status,reason,child_header_logo_excerpt,parent_header_logo_excerpt
arghakhanchi.vethos.gov.np,,provincial,lumbini,lumbini,vethos.gov.np,,federal,federal,federal,subdomain,1,,,True,https://arghakhanchi.vethos.gov.np/,requests,lumbini,strong,True,https://vethos.gov.np/,playwright,unknown,none,False,source_supported_conflict,child official header/logo jurisdiction agrees with child classification but conflicts with assigned parent | assigned-parent header/logo evidence does not give one clear jurisdiction,"Welcome | Veterinary Hospital and Livestock Service Expert Center | Arghakhanchi | भिडियो ग्यालरी | भेटेरिनरी अस्पताल तथा पशु सेवा विज्ञ केन्द्र, अर्घाखाँचीमा स्वागत छ | | सूचना | प्रकाशनहरु | पुस्तिकाहरु | प्रमुख | सूचना अधिकारी | नेपाली पात्रो | फोटो ग्यालरी | उपयोगी लिङ्कहरु | कृषि तथा पशुपन्छी विकास मन्त्रालय, सिंहदरबार | पशु सेवा बिभाग | कृषि बिभाग | कृषि तथा पशुपन्छी विकास मन्त्रालय, लुम्बिनी प्रदेश | पशुपन्छी तथा मत्स्य विकास निर्देशनालय, लुम्बिनी प्रदेश | भेटेरिनरी अस्पताल तथा पशु सेवा विज्ञ केन्द्र, गुल्मी | भेटेरिनरी अस्पताल तथा पशु सेवा विज्ञ केन्द्र, रोल्पा | भेटेरिनरी अस्पताल तथा ",403 Forbidden | Forbidden
dhankuta.akc.gov.np,,provincial,koshi,koshi,akc.gov.np,,federal,federal,federal,subdomain,1,,,True,https://dhankuta.akc.gov.np/,requests,koshi,strong,True,https://akc.gov.np/,playwright,unknown,none,False,source_supported_conflict,child official header/logo jurisdiction agrees with child classification but conflicts with assigned parent | assigned-parent header/logo evidence does not give one clear jurisdiction,"Welcome | Agriculture Knowledge Center | Dhankuta | सूचना | प्रकाशनहरु | कार्यालय प्रमुख | सूचना अधिकारी | नेपाली पात्रो | फोटो ग्यालरी | भिडियो ग्यालरी | कार्यालय भएकाे स्थान | महत्वपूर्ण लिङ्कहरु | कृषि, वन तथा पर्यावरण मन्त्रालय, सिंहदरबार | कृषि विभाग, हरिहरभवन | पशुसेवा विभाग, हरिहरभवन | उद्योग, कृषि तथा सहकारी मन्त्रालय, कोशी प्रदेश | कृषि विकास निर्देशनालय, कोशी प्रदेश | बिउ बिजन प्रयोगशाला, कोशी प्रदेश, सुनसरी | माटो तथा मल परीक्षण प्रयोगशाला, कोशी प्रदेश | सम्पर्क | कृषि ज्ञान केन्द्र, धनकुटा 📞 026-522226 📧 akcdhankuta@gmail.com www.dhankuta.akc.gov.np | कार्यालय समय | सोमबार देखि शुक",403 Forbidden | Forbidden
doed.gov.np,"Department of Electricity Development, Kathmandu",federal,federal,federal,moewri.lumbini.gov.np,"ऊर्जा, जलस्रोत तथा सिंँचाइ मन्त्रालय",provincial,lumbini,lumbini,header,1,"ऊर्जा, जलस्रोत तथा सिंचाई मन्त्रालय","नेपाल सरकार -> ऊर्जा, जलस्रोत तथा सिंचाई मन्त्रालय",True,https://doed.gov.np/,requests,federal,strong,True,https://moewri.lumbini.gov.np/,requests,lumbini,strong,False,source_supported_conflict,child official header/logo jurisdiction agrees with child classification but conflicts with assigned parent | child and assigned-parent official websites show different jurisdictions,"Department of Electricity Development, Kathmandu | विद्युत विकास विभाग | Department of Electricity Development, Kathmandu | Electricity Development Center (EDC) was established on July 16, 1993 (2050 Shrawan 1) under the then Ministry of Water Resources (MOWR) to develop a… | महत्त्वपूर्ण सूचना प्रधानमन्त्री दैवी प्रकोप उद्धार कोष र प्रधानमन्त्री राहत कोषमा आर्थिक सहयोग गरिदिनु हुन सबैमा हार्दिक अपिल नेपाल सरकार ऊर्जा, जलस्रोत तथा सिंचाई मन्त्रालय विद्युत विकास विभाग सानो गौचरन, काठमाडौ भाषा चयन गर्नुहोस् NEP ENG खोज्नुहोस् मुख्य नेभिगेसनमा जानुहोस् महत्त्वपूर्ण सूचना हार्दिक अनुरोध Extension ","ऊर्जा, जलस्रोत तथा सिंँचाइ मन्त्रालय | प्रदेश सरकारको -&quot; समृद्ध लुम्बिनी : आत्मनिर्भर प्रदेश &quot; भन्ने सोचका साथ संविधानको अनुसूची-४ वमोजिम नवलपरासी [बर्दघाट सुस्ता पश्चिम], रूपन्देही,&nbsp; कपिलबस्तु, पाल्पा, अर्घाखाँची, गुल्मी, पूर्वी रूकुम, रोल्पा, प्यूठान, दाङ, बाँके, बर्दिया गरी बाह्र जिल्लाहरुको प्रतिनिधित्व गर्दै लुम्बिनी प्रदेशको स्थापना भएको छ। लुम्बिनी प्रदेश भित्रका प्रदेश स्तरीय ऊर्जा, जलस्रोत तथा सिंचाइ सम्बन्धी कार्य क्षेत्र रहने गरी ऊर्जा, जलस्रोत तथा सिँचाइ मन्त्रालयको गठन भएको हो।साविकमा प्रदेश भित्रका सडक, पुल, सिंचाइ, ऊर्जा, आवास, जस्ता पूर्वाधार आयोजनाहरुको तर्जुमा,"
dppr.gov.np,National Personnel Records (Police),federal,federal,federal,tripurasundarimundolpa.gov.np,त्रिपुरासुन्दरी नगरपालिका,local,local,local,exclusive,1,,,True,https://dppr.gov.np/,requests,federal,strong,True,https://tripurasundarimundolpa.gov.np/,requests,karnali,strong,False,source_supported_conflict,child official header/logo jurisdiction agrees with child classification but conflicts with assigned parent | child and assigned-parent official websites show different jurisdictions,"National Personnel Records (Police) | राष्ट्रिय किताबखाना (प्रहरी) | National Personnel Records (Police) | Powered by GIWMS | DOIT | महत्त्वपूर्ण सूचना प्रधानमन्त्री दैवी प्रकोप उद्धार कोष र प्रधानमन्त्री राहत कोषमा आर्थिक सहयोग गरिदिनु हुन सबैमा हार्दिक अपिल नेपाल सरकार भूमि व्यवस्था, सहकारी, सङ्‍घीय मामिला तथा सामान्य प्रशासन मन्त्रालय राष्ट्रिय किताबखाना (प्रहरी) लैनचौर, काठमाडौं भाषा चयन गर्नुहोस् NEP ENG खोज्नुहोस् मुख्य नेभिगेसनमा जानुहोस् महत्त्वपूर्ण सूचना सूचनाको हक सम्बन्धी नियमावली, २०६५ सूचनाको हक सम्बन्धी ऐन, २०६४ प्रहरी ऐन २०१२ सम्पत्ति विवरण फाराम सम्पर्क गर्नुहोस आ.व. २०८२।०८३ ","त्रिपुरासुन्दरी नगरपालिकानगर कार्यपालिकाको कार्यालय,त्रिपुराकोट बगर,डोल्पा,कर्णाली प्रदेश,नेपाल | ""सचेत नागरिक मार्फत दिगो पुर्वाधार,स्वच्छ, सरसफाई, सुशासन सहित समृद्ध नगर निर्माणको आधार"" | Search form Search X 087-594022/9858300021 info@tripurasundarimundolpa.gov.np,ito.tripurasundarimundolpa@gmail.com त्रिपुरासुन्दरी नगरपालिका नगर कार्यपालिकाको कार्यालय,त्रिपुराकोट बगर,डोल्पा,कर्णाली प्रदेश,नेपाल ""सचेत नागरिक मार्फत दिगो पुर्वाधार,स्वच्छ, सरसफाई, सुशासन सहित समृद्ध नगर निर्माणको आधार"" Search form Search गृहपृष्ठ परिचय संक्षिप्त परीचय कर्मचारी विवरण वर्तमान पूर्व जनप्रतिनिधि विवरण संगठनात्मक "
dwri.gov.np,Department of Water Resource and Irrigation,federal,federal,federal,moewri.lumbini.gov.np,"ऊर्जा, जलस्रोत तथा सिंँचाइ मन्त्रालय",provincial,lumbini,lumbini,header,1,"ऊर्जा, जलस्रोत तथा सिँचाइ मन्त्रालय","नेपाल सरकार -> ऊर्जा, जलस्रोत तथा सिँचाइ मन्त्रालय",True,https://dwri.gov.np/,requests,federal,strong,True,https://moewri.lumbini.gov.np/,requests,lumbini,strong,False,source_supported_conflict,child official header/logo jurisdiction agrees with child classification but conflicts with assigned parent | child and assigned-parent official websites show different jurisdictions,"Department of Water Resource and Irrigation | जलस्रोत तथा सिँचाइ विभाग | Department of Water Resource and Irrigation | Powered by GIWMS | DOIT | महत्त्वपूर्ण सूचना प्रधानमन्त्री दैवी प्रकोप उद्धार कोष र प्रधानमन्त्री राहत कोषमा आर्थिक सहयोग गरिदिनु हुन सबैमा हार्दिक अपिल नेपाल सरकार ऊर्जा, जलस्रोत तथा सिँचाइ मन्त्रालय जलस्रोत तथा सिँचाइ विभाग जावलाखेल, ललितपुर भाषा चयन गर्नुहोस् NEP ENG खोज्नुहोस् मुख्य नेभिगेसनमा जानुहोस् महत्त्वपूर्ण सूचना नवीनतम यान्त्रिक सिँचाइ आयोजना, जावलाखेल - बोलपत्र रद्द सम्बन्धि सूचना सिँचाइ तथा जलस्रोत व्यस्थापन आयोजना, ओखलढुङ्गा - बोलपत्र रद्द सम्बन्धि सूचना सिँचाइ","ऊर्जा, जलस्रोत तथा सिंँचाइ मन्त्रालय | प्रदेश सरकारको -&quot; समृद्ध लुम्बिनी : आत्मनिर्भर प्रदेश &quot; भन्ने सोचका साथ संविधानको अनुसूची-४ वमोजिम नवलपरासी [बर्दघाट सुस्ता पश्चिम], रूपन्देही,&nbsp; कपिलबस्तु, पाल्पा, अर्घाखाँची, गुल्मी, पूर्वी रूकुम, रोल्पा, प्यूठान, दाङ, बाँके, बर्दिया गरी बाह्र जिल्लाहरुको प्रतिनिधित्व गर्दै लुम्बिनी प्रदेशको स्थापना भएको छ। लुम्बिनी प्रदेश भित्रका प्रदेश स्तरीय ऊर्जा, जलस्रोत तथा सिंचाइ सम्बन्धी कार्य क्षेत्र रहने गरी ऊर्जा, जलस्रोत तथा सिँचाइ मन्त्रालयको गठन भएको हो।साविकमा प्रदेश भित्रका सडक, पुल, सिंचाइ, ऊर्जा, आवास, जस्ता पूर्वाधार आयोजनाहरुको तर्जुमा,"
fwssmpbiratnagar.koshi.gov.np,Drinking Water and Sanitation Division Office Biratnagar Koshi,federal,federal,federal,koshi.gov.np,कोशी प्रदेश सरकार,provincial,koshi,koshi,subdomain-reattach,1,,,True,https://fwssmpbiratnagar.koshi.gov.np/,requests,federal,strong,True,https://koshi.gov.np/ | https://koshi.gov.np,requests,koshi,strong,False,source_supported_conflict,child official header/logo jurisdiction agrees with child classification but conflicts with assigned parent | child and assigned-parent official websites show different jurisdictions,"Drinking Water and Sanitation Division Office Biratnagar Koshi | खानेपानी तथा ढल व्यवस्थापन कार्यालय | Drinking Water and Sanitation Division Office Biratnagar Koshi | नेपाल सरकार खानेपानी मन्त्रालय संघीय खानेपानी तथा ढल व्यबस्थापन आयोजना | महत्त्वपूर्ण सूचना प्रधानमन्त्री दैवी प्रकोप उद्धार कोष र प्रधानमन्त्री राहत कोषमा आर्थिक सहयोग गरिदिनु हुन सबैमा हार्दिक अपिल नेपाल सरकार खानेपानी तथा ढल व्यवस्थापन कार्यालय विराटनगर, नेपाल भाषा चयन गर्नुहोस् NEP ENG खोज्नुहोस् मुख्य नेभिगेसनमा जानुहोस् महत्त्वपूर्ण सूचना सिलबन्दी दरभाउपत्र स्वीकृतिको सूचना दरभाउपत्र रद्द गरीईएको सूचना दरभाउपत्र रद्द गरीईए",THE OFFICIAL PORTAL OF GOVERNMENT OF KOSHI PROVINCE | कोशी प्रदेश सरकारको आधिकारिक पोर्टल THE OFFICIAL PORTAL OF GOVERNMENT OF KOSHI PROVINCE ☰ गृहपृष्ठ मौजुदा कानूनहरु ▼ ऐन नियमावली कार्यविधि निर्देशिका गठन आदेश ऐन संग्रह दिग्दर्शन नीति तथा कार्यक्रम सूचनाहरु ▼ साधारण सूचना खरिद सूचना प्रेस विज्ञप्ती परिपत्र स्वतः प्रकाशन खर्चको फाँटबारी आवधिक योजना प्रतिवेदन ▼ वार्षिक प्रतिवेदन त्रैमासिक प्रगति प्रतिवेदन प्रकाशन ▼ कोशी दर्पण अन्य प्रकाशन पदपूर्ती ▼ विज्ञापन लिखित नतिजा सिफारिस सबै निकाय अन्य सम्पर्क | THE OFFICIAL PORTAL OF GOVERNMENT OF KOSHI PROVINCE logo | कोशी प्रदेश सरकारको आधिकारिक पोर
gorkha.akc.gov.np,"Agriculture Development Office, Gorkha",provincial,gandaki,gandaki,akc.gov.np,,federal,federal,federal,subdomain,1,,,True,https://gorkha.akc.gov.np/,requests,gandaki,strong,True,https://akc.gov.np/,playwright,unknown,none,False,source_supported_conflict,child official header/logo jurisdiction agrees with child classification but conflicts with assigned parent | assigned-parent header/logo evidence does not give one clear jurisdiction,"Welcome | Agriculture Development Office | Gorkha | कृषि विकास कार्यालय, गोरखाको आधिकारिक वेबपेजमा हार्दिक स्वागत छ | सूचना | विविरण | प्रकाशनहरु | फोटो ग्यालरी | भिडियो ग्यालरी | कार्यालय प्रमुख | गुनासो सुन्ने अधिकारी | सूचना अधिकारी | नेपाली पात्रो | महत्वपूर्ण लिङ्कहरु | कृषि तथा पशुपन्छी विकास मन्त्रालय, सिंहदरबार | कृषि विभाग | पशुसेवा विभाग | भुमि व्यवस्था, कृषि, सहकारी तथा गरिबी निवारण मन्त्रालय, गण्डकी प्रदेश | कृषि विकास निर्देशनालय, गण्डकी प्रदेश | बीउ बिजन प्रयोगशाला, गण्डकी प्रदेश | नेपाल कृषि अनुसन्धान परिषद | प्रधानमन्त्री कृषि आधुनिकिकरण परियोजना | कृषि सूचना तथा प्रशिक्षण केन्",403 Forbidden | Forbidden
kaski.ado.gov.np,,provincial,gandaki,gandaki,ado.gov.np,,federal,federal,federal,subdomain,1,,,True,https://kaski.ado.gov.np/,requests,gandaki,strong,False,,,unknown,none,False,source_supported_conflict,child official header/logo jurisdiction agrees with child classification but conflicts with assigned parent | assigned-parent official source could not be fetched,"Welcome | Agriculture Development Office | Kaski | सूचना | प्रकाशनहरु | कृषि मौसम सल्लाह बुलेटिन | कार्यालय प्रमुख | गुनासो सुन्ने अधिकारी | सूचना अधिकारी | नेपाली पात्रो | नागरिक वडापत्र | पुस्तिका | फोटो ग्यालरी | भिडियो ग्यालरी | कार्यालय भएकाे स्थान | महत्वपूर्ण लिङ्कहरु | कृषि तथा पशुपन्छी विकास मन्त्रालय, सिंहदरबार | कृषि विभाग, हरिहरभवन | पशुसेवा विभाग, हरिहरभवन | कृषि, तथा भूमि व्यवस्था मन्त्रालय, गण्डकी प्रदेश | कृषि विकास निर्देशनालय, गण्डकी प्रदेश | बीउ बिजन प्रयोगशाला, गण्डकी प्रदेश | माटो तथा मल परिक्षण प्रयोगशाला, गण्डकी प्रदेश | सम्पर्क | कृषि विकास कार्यालय, कास्की | कार्यालय स",
kaski.akc.gov.np,,provincial,gandaki,gandaki,akc.gov.np,,federal,federal,federal,subdomain,1,,,True,https://kaski.ado.gov.np/,requests,gandaki,strong,True,https://akc.gov.np/,playwright,unknown,none,False,source_supported_conflict,child official header/logo jurisdiction agrees with child classification but conflicts with assigned parent | assigned-parent header/logo evidence does not give one clear jurisdiction,"Welcome | Agriculture Development Office | Kaski | सूचना | प्रकाशनहरु | कृषि मौसम सल्लाह बुलेटिन | कार्यालय प्रमुख | गुनासो सुन्ने अधिकारी | सूचना अधिकारी | नेपाली पात्रो | नागरिक वडापत्र | पुस्तिका | फोटो ग्यालरी | भिडियो ग्यालरी | कार्यालय भएकाे स्थान | महत्वपूर्ण लिङ्कहरु | कृषि तथा पशुपन्छी विकास मन्त्रालय, सिंहदरबार | कृषि विभाग, हरिहरभवन | पशुसेवा विभाग, हरिहरभवन | कृषि, तथा भूमि व्यवस्था मन्त्रालय, गण्डकी प्रदेश | कृषि विकास निर्देशनालय, गण्डकी प्रदेश | बीउ बिजन प्रयोगशाला, गण्डकी प्रदेश | माटो तथा मल परिक्षण प्रयोगशाला, गण्डकी प्रदेश | सम्पर्क | कृषि विकास कार्यालय, कास्की | कार्यालय स",403 Forbidden | Forbidden
khotang.akc.gov.np,,provincial,koshi,koshi,akc.gov.np,,federal,federal,federal,subdomain,1,,,True,https://khotang.akc.gov.np/,requests,koshi,strong,True,https://akc.gov.np/,playwright,unknown,none,False,source_supported_conflict,child official header/logo jurisdiction agrees with child classification but conflicts with assigned parent | assigned-parent header/logo evidence does not give one clear jurisdiction,"परिचय | Agriculture Knowledge Center | Diktel, Khotang | कृषि ज्ञान केन्द्र खोटाङको वेबपेजमा तपाईलाई हार्दिक स्वागत छ । | सूचना | प्रकाशनहरु | कार्यालय प्रमुख | सूचना अधिकारी | नेपाली पात्रो | फोटो ग्यालरी | भिडियो ग्यालरी | कार्यालय भएकाे स्थान | महत्वपूर्ण लिङ्कहरु | कृषि, वन तथा पर्यावरण मन्त्रालय, सिंहदरबार | कृषि विभाग, हरिहरभवन | पशुसेवा विभाग, हरिहरभवन | उद्योग, कृषि तथा सहकारी मन्त्रालय, कोशी प्रदेश | कृषि विकास निर्देशनालय, कोशी प्रदेश | बिउ बिजन प्रयोगशाला, कोशी प्रदेश, सुनसरी | माटो तथा मल परीक्षण प्रयोगशाला, कोशी प्रदेश | सम्पर्क | कृषि ज्ञान केन्द्र, खोटाङ | कार्यालय समय | सोमबार ",403 Forbidden | Forbidden
lamjung.akc.gov.np,"Agriculture Development Office, Lamjung",provincial,gandaki,gandaki,akc.gov.np,,federal,federal,federal,subdomain,1,,,True,https://lamjung.akc.gov.np/,requests,gandaki,strong,True,https://akc.gov.np/,playwright,unknown,none,False,source_supported_conflict,child official header/logo jurisdiction agrees with child classification but conflicts with assigned parent | assigned-parent header/logo evidence does not give one clear jurisdiction,"Welcome | Agriculture Development Office || Lamjung | सूचना | प्रकाशनहरु | फोटो ग्यालरी | कार्यालय प्रमुख | सूचना अधिकारी | नेपाली पात्रो | भिडियो ग्यालरी | महत्वपूर्ण लिङ्कहरु | कृषि तथा पशुपन्छी विकास मन्त्रालय | कृषि विभाग | कृषि तथा भूमि ब्यवस्था मन्त्रालय, गण्डकी प्रदेश | कृषि बिकास निर्देसनालय, गण्डकी प्रदेश | पशुसेवा विभाग | कार्यालय भएकाे स्थान | सम्पर्क | कृषि विकास कार्यालय, लमजुङ | कृषि विकास कार्यालय | फेसबुक | Logo",403 Forbidden | Forbidden
manang.akc.gov.np,Agriculture and Livestock Development Office,provincial,gandaki,gandaki,akc.gov.np,,federal,federal,federal,subdomain,1,,,True,https://manang.akc.gov.np/ | https://manang.akc.gov.np/node/376 | https://manang.akc.gov.np/node/375,requests,gandaki,strong,True,https://akc.gov.np/,playwright,unknown,none,False,source_supported_conflict,child official header/logo jurisdiction agrees with child classification but conflicts with assigned parent | assigned-parent header/logo evidence does not give one clear jurisdiction,"Welcome | Agriculture and Livestock Development Office | Manang | कृषि तथा पशु विकास कार्यालय मनाङमा हजुरलाई स्वागत छ | सूचना | प्रकाशनहरु | फोटो ग्यालरी | कार्यालय प्रमुख | सूचना अधिकारी | सम्पर्क | कृषि तथा पशु विकास कार्यालय, मनाङ | Admin login | महत्वपूर्ण लिङ्कहरु | कृषि तथा पशुपन्छी विकास मन्त्रालय | कृषि विभाग | पशुसेवा विभाग | कृषि तथा भूमि व्यवस्था मन्त्रालय, गण्डकी प्रदेश | कृषि विकास निर्देशनालय, गण्डकी प्रदेश | बीउ बिजन प्रयोगशाला, गण्डकी प्रदेश | माटो तथा मल परिक्षण प्रयोगशाला, गण्डकी प्रदेश | नेपाल कृषि अनुसन्धान परिषद | प्रधानमन्त्री कृषि आधुनिकीकरण परियोजना | भिडियो ग्यालरी | क",403 Forbidden | Forbidden
nmp.gov.np,Naumure Multipurpose Project,federal,federal,federal,moewri.lumbini.gov.np,"ऊर्जा, जलस्रोत तथा सिंँचाइ मन्त्रालय",provincial,lumbini,lumbini,header,1,"ऊर्जा, जलस्रोत तथा सिंचाइ मन्त्रालय","नेपाल सरकार -> ऊर्जा, जलस्रोत तथा सिंचाइ मन्त्रालय",True,https://nmp.gov.np/,playwright,federal,strong,True,https://moewri.lumbini.gov.np/,requests,lumbini,strong,False,source_supported_conflict,child official header/logo jurisdiction agrees with child classification but conflicts with assigned parent | child and assigned-parent official websites show different jurisdictions,"Naumure Multipurpose Project | नौमुरे बहुउद्देश्यीय आयोजना | Naumure Multipurpose Project | Powered by GIWMS | DOIT | महत्त्वपूर्ण सूचना प्रधानमन्त्री दैवी प्रकोप उद्धार कोष र प्रधानमन्त्री राहत कोषमा आर्थिक सहयोग गरिदिनु हुन सबैमा हार्दिक अपिल नेपाल सरकार ऊर्जा, जलस्रोत तथा सिंचाइ मन्त्रालय नौमुरे बहुउद्देश्यीय आयोजना काठमाडौं भाषा चयन गर्नुहोस् NEP ENG NEP NEP ENG खोज्नुहोस् मुख्य नेभिगेसनमा जानुहोस् महत्त्वपूर्ण सूचना Bid Addendum Report (Publication Date: 2026/08/23) बोलपत्र आह्वान सम्बन्धि सूचना (प्रथम पटक प्रकाशित: २०८३/०४/३१) मुआब्जा बुझ्न आउने सम्बन्धि सुचना Opening of Financial Propos","ऊर्जा, जलस्रोत तथा सिंँचाइ मन्त्रालय | प्रदेश सरकारको -&quot; समृद्ध लुम्बिनी : आत्मनिर्भर प्रदेश &quot; भन्ने सोचका साथ संविधानको अनुसूची-४ वमोजिम नवलपरासी [बर्दघाट सुस्ता पश्चिम], रूपन्देही,&nbsp; कपिलबस्तु, पाल्पा, अर्घाखाँची, गुल्मी, पूर्वी रूकुम, रोल्पा, प्यूठान, दाङ, बाँके, बर्दिया गरी बाह्र जिल्लाहरुको प्रतिनिधित्व गर्दै लुम्बिनी प्रदेशको स्थापना भएको छ। लुम्बिनी प्रदेश भित्रका प्रदेश स्तरीय ऊर्जा, जलस्रोत तथा सिंचाइ सम्बन्धी कार्य क्षेत्र रहने गरी ऊर्जा, जलस्रोत तथा सिँचाइ मन्त्रालयको गठन भएको हो।साविकमा प्रदेश भित्रका सडक, पुल, सिंचाइ, ऊर्जा, आवास, जस्ता पूर्वाधार आयोजनाहरुको तर्जुमा,"
panchthar.akc.gov.np,"कृषि ज्ञान केन्द्र, पाँचथर",provincial,koshi,koshi,akc.gov.np,,federal,federal,federal,subdomain,1,,,True,https://panchthar.akc.gov.np/,requests,koshi,strong,True,https://akc.gov.np/,playwright,unknown,none,False,source_supported_conflict,child official header/logo jurisdiction agrees with child classification but conflicts with assigned parent | assigned-parent header/logo evidence does not give one clear jurisdiction,"Welcome | AKC Panchthar | कृषि ज्ञान केन्द्र पाँचथरमा हजुरलाई स्वागत छ | सूचना | प्रकाशनहरु | कार्यालय प्रमुख | सूचना अधिकारी | फोटो ग्यालरी | कृषि ज्ञान केन्द्र पांचथर | फेसबुक | नेपाली पात्रो | सम्पर्क | कृषि ज्ञान केन्द्र, पाँचथर कोशी प्रदेश | महत्वपूर्ण लिङ्कहरु | कृषि तथा पशुपन्छी बिकास मन्त्रालय, सिंहदरबार | कृषि विभाग, हरिहरभवन, ललितपुर | पशुसेवा विभाग, हरिहरभवन, ललितपुर | उद्योग, कृषि तथा सहकारी मन्त्रालय | कृषि विकास निर्देशनालय, कोशी प्रदेश | उद्योग,कृषि तथा सहकारी मन्त्रालय, कोशी प्रदेश | बिउ बिजन प्रयोगशाला, कोशी प्रदेश | माटो तथा मल परीक्षण प्रयोगशाला, कोशी प्रदेश | भिडियो ग्यालरी",403 Forbidden | Forbidden
ramechhap.ado.gov.np,"Agriculture Development Office, Ramechhap",provincial,bagamati,bagamati,ado.gov.np,,federal,federal,federal,subdomain,1,,,True,https://ramechhap.ado.gov.np/,requests,bagamati,strong,False,,,unknown,none,False,source_supported_conflict,child official header/logo jurisdiction agrees with child classification but conflicts with assigned parent | assigned-parent official source could not be fetched,"Welcome | Agriculture Development Office | Ramechhap | कृषि विकास कार्यालय, रामेछापको आधिकारिक वेबपेजमा हार्दिक स्वागत छ | सूचना | प्रकाशनहरु | फोटो ग्यालरी | कार्यालय प्रमुख | सूचना अधिकारी | सम्पर्क | कार्यक्षेत्र (दोलखा र रामेछाप) | भिडियो ग्यालरी | महत्वपूर्ण लिङ्कहरु | कृषि तथा पशुपन्छी विकास मन्त्रालय | कृषि विभाग | पशुसेवा विभाग | कृषि तथा पशुपन्छी विकास मन्त्रालय, बागमती प्रदेश | कृषि विकास निर्देशनालय, बागमती प्रदेश | प्रदेश बीउ विजन गुणस्तर नियन्त्रण केन्द्र, बागमती प्रदेश | नेपाल कृषि अनुसन्धान परिषद | प्रधानमन्त्री कृषि आधुनिकिकरण परियोजना | कृषि सूचना तथा प्रशिक्षण केन्द्र | कार्य",
ramechhap.akc.gov.np,,provincial,bagamati,bagamati,akc.gov.np,,federal,federal,federal,subdomain,1,,,True,https://ramechhap.ado.gov.np/,requests,bagamati,strong,True,https://akc.gov.np/,playwright,unknown,none,False,source_supported_conflict,child official header/logo jurisdiction agrees with child classification but conflicts with assigned parent | assigned-parent header/logo evidence does not give one clear jurisdiction,"Welcome | Agriculture Development Office | Ramechhap | कृषि विकास कार्यालय, रामेछापको आधिकारिक वेबपेजमा हार्दिक स्वागत छ | सूचना | प्रकाशनहरु | फोटो ग्यालरी | कार्यालय प्रमुख | सूचना अधिकारी | सम्पर्क | कार्यक्षेत्र (दोलखा र रामेछाप) | भिडियो ग्यालरी | महत्वपूर्ण लिङ्कहरु | कृषि तथा पशुपन्छी विकास मन्त्रालय | कृषि विभाग | पशुसेवा विभाग | कृषि तथा पशुपन्छी विकास मन्त्रालय, बागमती प्रदेश | कृषि विकास निर्देशनालय, बागमती प्रदेश | प्रदेश बीउ विजन गुणस्तर नियन्त्रण केन्द्र, बागमती प्रदेश | नेपाल कृषि अनुसन्धान परिषद | प्रधानमन्त्री कृषि आधुनिकिकरण परियोजना | कृषि सूचना तथा प्रशिक्षण केन्द्र | कार्य",403 Forbidden | Forbidden
sindhuli.akc.gov.np,"Agriculture Development Office, Sindhuli",provincial,bagamati,bagamati,akc.gov.np,,federal,federal,federal,subdomain,1,,,True,https://sindhuli.akc.gov.np/ | https://sindhuli.akc.gov.np/node/6079,requests,bagamati,strong,True,https://akc.gov.np/,playwright,unknown,none,False,source_supported_conflict,child official header/logo jurisdiction agrees with child classification but conflicts with assigned parent | assigned-parent header/logo evidence does not give one clear jurisdiction,"Welcome | Agriculture Development Office | Sindhuli | कृषि विकास कार्यालय, सिन्धुलीको आधिकारिक वेबपेजमा हार्दिक स्वागत छ | सूचना | प्रकाशनहरु | फोटो ग्यालरी | कार्यालय प्रमुख | सूचना अधिकारी | कृषि विकास कार्यालय | फेसबुक | नेपाली पात्रो | महत्वपूर्ण लिङ्कहरु | कृषि तथा पशुपन्छी विकास मन्त्रालय | कृषि विभाग | पशुसेवा विभाग | कृषि तथा पशुपन्छी विकास मन्त्रालय, बागमती प्रदेश | कृषि विकास निर्देशनालय, बागमती प्रदेश | बीउ बिजन प्रयोगशाला, बागमती प्रदेश | नेपाल कृषि अनुसन्धान परिषद | प्रधानमन्त्री कृषि आधुनिकिकरण परियोजना | कृषि सूचना तथा प्रशिक्षण केन्द्र | PMAMP, परियोजना कार्यान्वयन एकाइ, सिन्धु",403 Forbidden | Forbidden
tanahun.akc.gov.np,,provincial,gandaki,gandaki,akc.gov.np,,federal,federal,federal,subdomain,1,,,True,https://tanahun.akc.gov.np/,requests,gandaki,strong,True,https://akc.gov.np/,playwright,unknown,none,False,source_supported_conflict,child official header/logo jurisdiction agrees with child classification but conflicts with assigned parent | assigned-parent header/logo evidence does not give one clear jurisdiction,"Welcome | Agriculture Development Office || Tanahun | कृषि विकास कार्यालय , तनहुँको आधिकारिक वेबपेजमा हार्दिक स्वागत छ | सूचना | प्रकाशनहरु | फोटो ग्यालरी | कार्यालय प्रमुख | सूचना अधिकारी | कृषि विकास कार्यालय | फेसबुक | नेपाली पात्रो | महत्वपूर्ण लिङ्कहरु | कृषि तथा पशुपन्छी विकास मन्त्रालय | कृषि बिभाग | कृषि तथा भूमि व्यवस्था मन्त्रालय, गण्डकी प्रदेश | कृषि विकास निर्देशनालय, गण्डकी प्रदेश | भिडियो ग्यालरी | कार्यालय भएकाे स्थान | सम्पर्क | कार्यालय समय | सोमबार देखि शुक्रबार (सार्वजनिक बिदा बाहेक) | जाडो ( कार्तिक १६ देखि माघ १५) बिहान ९:०० देखि ४:०० सम्म | गर्मी ( माघ १६ देखि कार्तिक १५)",403 Forbidden | Forbidden
taplejung.akc.gov.np,"Agriculture Knowledge Center, Taplejung",provincial,koshi,koshi,akc.gov.np,,federal,federal,federal,subdomain,1,,,True,https://taplejung.akc.gov.np/,requests,koshi,strong,True,https://akc.gov.np/,playwright,unknown,none,False,source_supported_conflict,child official header/logo jurisdiction agrees with child classification but conflicts with assigned parent | assigned-parent header/logo evidence does not give one clear jurisdiction,"Welcome | Agriculture Knowledge Center | Taplejung | प्रदेश सरकार उद्योग, कृषि तथा सहकारी मन्त्रालय कृषि विकास निर्देशनालय | कृषि ज्ञान केन्द्र, ताप्लेजुङ्ग | कोशी प्रदेश | सूचना | प्रकाशनहरु | कार्यालय प्रमुख | सूचना अधिकारी | नेपाली पात्रो | फोटो ग्यालरी | भिडियो ग्यालरी | महत्वपूर्ण लिङ्कहरु | कृषि तथा पशुपन्छी विकास मन्त्रालय | कृषि विभाग | कृषि मन्त्रालय | नेपाल कृषि अनुसन्धान परिषद् | कृषि सूचना तथा प्रशिक्षण केन्द्र | कृषि विकास निर्देशनालय, विराटनगर नेपाल | कार्यालय भएकाे स्थान | सम्पर्क | कार्यालय समय | आइतबार देखि शुक्रबार (सार्वजनिक बिदा बाहेक) कार्यालय खुल्ला रहनेछ | | जाडो (कार्ति",403 Forbidden | Forbidden
baglung.akc.gov.np,,provincial,gandaki,gandaki,akc.gov.np,,federal,federal,federal,subdomain,1,,,True,https://baglung.akc.gov.np/,requests,unknown,none,True,https://akc.gov.np/,playwright,unknown,none,False,review,child header/logo evidence does not give one clear jurisdiction | assigned-parent header/logo evidence does not give one clear jurisdiction,"Welcome | Agriculture Development Office || Baglung | कृषि विकास कार्यालय, बागलुङको वेभसाइटमा यहाँलाई हार्दिक स्वागत छ। | सूचना | प्रकाशनहरु | पुस्तिका | कार्यालय प्रमुख | सूचना अधिकारी | कृषि विकास कार्यालय | फेसबुक | नेपाली पात्रो | फोटो ग्यालरी | महत्वपूर्ण लिङ्कहरु | कार्यालय भएकाे स्थान | सम्पर्क | कृषि विकास कार्यालय , बागलुङ | Admin login | logo",403 Forbidden | Forbidden
bara.akc.gov.np,"Agriculture Knowledge Center, Bara",provincial,madhesh,madhesh,akc.gov.np,,federal,federal,federal,subdomain,1,,,True,https://bara.akc.gov.np/,requests,unknown,none,True,https://akc.gov.np/,playwright,unknown,none,False,review,child header/logo evidence does not give one clear jurisdiction | assigned-parent header/logo evidence does not give one clear jurisdiction,"Welcome | Agriculture Knowledge Center || Bara | कृषि ज्ञान केन्द्र, बाराको आधिकारिक वेबपेजमा हार्दिक स्वागत छ | सूचना | प्रकाशनहरु | फोटो ग्यालरी | कार्यालय प्रमुख | सूचना अधिकारी | कृषि ज्ञान केन्द्र | फेसबुक | नेपाली पात्रो | महत्वपूर्ण लिङ्कहरु | कृषि तथा पशुपन्छी विकास मन्त्रालय | कृषि विभाग | पशुसेवा विभाग | भुमि व्यवस्था, कृषि तथा सहकारी मन्त्रालय, मधेस प्रदेश | कृषि बिकास निर्देसनालय | भिडियो ग्यालरी | कार्यालय भएकाे स्थान | सम्पर्क | कार्यालय समय | आइतबार देखि शुक्रबार (सार्वजनिक बिदा बाहेक) | जाडो (कार्तिक १६ देखि माघ १५ ) बिहान १०:०० देखि बेलुकी ४:०० सम्म | गर्मी ( माघ १६ देखि कार्त",403 Forbidden | Forbidden
bhaktapurlicense.bagmati.gov.np,Transport Management Office Radhe Radhe Bhaktapur,provincial,bagamati,bagamati,bagmati.gov.np,अधिकार सम्पन्न वाग्मती सभ्यता एकीकृत विकास समिति,federal,federal,federal,subdomain-reattach,1,,,True,https://bhaktapurlicense.bagmati.gov.np/,requests,mixed,ambiguous,True,https://bagmati.gov.np/,playwright,federal,strong,False,review,child header/logo evidence does not give one clear jurisdiction,"Transport Management Office Radhe Radhe Bhaktapur | यातायात व्यवस्था कार्यालय | Transport Management Office Radhe Radhe Bhaktapur | Powered by GIWMS | DOIT | महत्त्वपूर्ण सूचना प्रधानमन्त्री दैवी प्रकोप उद्धार कोष र प्रधानमन्त्री राहत कोषमा आर्थिक सहयोग गरिदिनु हुन सबैमा हार्दिक अपिल बागमती प्रदेश सरकार उद्योग, पर्यटन, श्रम तथा यातायात मन्त्रालय यातायात व्यवस्था कार्यालय राधेराधे,भक्तपुर भाषा चयन गर्नुहोस् NEP ENG खोज्नुहोस् मुख्य नेभिगेसनमा जानुहोस् महत्त्वपूर्ण सूचना लिखित तथा Trial परीक्षा संचालन सम्बन्धी सूचना मिति २०८३।०५।१९ गते सार्वजनिक बिदा भएकोमा उक्त दिनको सेवा प्रवाह सम्बन्धी सूचना ","High Powered Committee for Integrated Development of the Bagmati Civilization | अधिकार सम्पन्न वाग्मती सभ्यता एकीकृत विकास समिति | High Powered Committee for Integrated Development of the Bagmati Civilization | Powered by GIWMS | DOIT | महत्त्वपूर्ण सूचना प्रधानमन्त्री दैवी प्रकोप उद्धार कोष र प्रधानमन्त्री राहत कोषमा आर्थिक सहयोग गरिदिनु हुन सबैमा हार्दिक अपिल नेपाल सरकार पूर्वाधार विकास मन्त्रालय अधिकार सम्पन्न वाग्मती सभ्यता एकीकृत विकास समिति गुह्येश्वरी फाँट, काठमाण्डौ भाषा चयन गर्नुहोस् NEP ENG NEP NEP ENG खोज्नुहोस् वि.सं: २०८३ भदौ २६ गते शुक्रबार, १७:०० बजे नेपाल संवत: ११४६ गुलागा आमै "
bhojpur.akc.gov.np,"Agriculture Knowledge Center, Bhojpur",provincial,koshi,koshi,akc.gov.np,,federal,federal,federal,subdomain,1,,,True,https://bhojpur.akc.gov.np/,requests,unknown,none,True,https://akc.gov.np/,playwright,unknown,none,False,review,child header/logo evidence does not give one clear jurisdiction | assigned-parent header/logo evidence does not give one clear jurisdiction,"Welcome | Agriculture Knowledge Center || Bhojpur | Main navigation | स्वागत छ कृषि ज्ञान केन्द्र, भोजपुरमा | सूचना | प्रकाशनहरु | फोटो ग्यालरी | प्रमुख | सूचना अधिकारी | भिडियो ग्यालरी | कार्यालय भएकाे स्थान | सम्पर्क | कृषि ज्ञान केन्द्र, भोजपुर | कृषि ज्ञान केन्द्र भोजपुर | फेसबुक | महत्वपूर्ण लिङ्कहरु | Logo | icon",403 Forbidden | Forbidden
chitwan.ado.gov.np,,provincial,bagamati,bagamati,ado.gov.np,,federal,federal,federal,subdomain,1,,,True,https://chitwan.ado.gov.np/,requests,unknown,none,False,,,unknown,none,False,review,child header/logo evidence does not give one clear jurisdiction | assigned-parent official source could not be fetched,"Welcome | Agriculture Development Office || Chitwan | कृषि विकास कार्यालय चितवनको वेभसाइटमा यहाँलाई हार्दिक स्वागत छ | सूचना | प्रकाशनहरु | पुस्तिका | कार्यालय प्रमुख | सूचना अधिकारी | कृषि विकास कार्यालय | फेसबुक | नेपाली पात्रो | फोटो ग्यालरी | महत्वपूर्ण लिङ्कहरु | भिडियो ग्यालरी | कार्यालय भएकाे स्थान | सम्पर्क | कृषि विकास कार्यालय, चितवन | Admin login | logo",
dfomakawanpur.gov.np,Division Forest Office Makwanpur Hetauda Bagamati,federal,federal,federal,fd.bagamati.gov.np,Directorate of Forest Hetauda Bagamati,provincial,bagamati,bagamati,header,2,वन निर्देशनालय,"बागमती प्रदेश सरकार -> कृषि, पशुपन्छी, वन तथा वातावरण मन्त्रालय -> वन निर्देशनालय",True,https://dfomakawanpur.gov.np/,requests,mixed,ambiguous,True,https://fd.bagamati.gov.np/,requests,mixed,ambiguous,False,review,child header/logo evidence does not give one clear jurisdiction | assigned-parent header/logo evidence does not give one clear jurisdiction,"Division Forest Office Makwanpur Hetauda Bagamati | डिभिजन वन कार्यालय मकवानपुर | Division Forest Office Makwanpur Hetauda Bagamati | Powered by GIWMS | DOIT | महत्त्वपूर्ण सूचना प्रधानमन्त्री दैवी प्रकोप उद्धार कोष र प्रधानमन्त्री राहत कोषमा आर्थिक सहयोग गरिदिनु हुन सबैमा हार्दिक अपिल बागमती प्रदेश सरकार, कृषि, पशुपन्छी, वन तथा वातावरण मन्त्रालय, वन निर्देशनालय डिभिजन वन कार्यालय मकवानपुर हेटौँडा, नेपाल भाषा चयन गर्नुहोस् NEP ENG खोज्नुहोस् मुख्य नेभिगेसनमा जानुहोस् महत्त्वपूर्ण सूचना मौजुदा सूचीमा सूचीकृत हुने सम्बन्धी सूचना क्याटलग सपिङ्ग विधिबाट सवारीसाधन खरिद सम्बन्धी सिलबन्दी प्रस्ताव आव","Directorate of Forest Hetauda Bagamati | वन निर्देशनालय | Directorate of Forest Hetauda Bagamati | यो वन निर्देशनालय, बागमती प्रदेशको आधिकारिक वेबसाइट हो। यो निकाय हाल मकवानपुरको हेटौंडाको वन परिसर भित्र अवस्थित छ। यो वेबसाइट वन निर्देशनालयले सर्वसाधारण … | महत्त्वपूर्ण सूचना प्रधानमन्त्री दैवी प्रकोप उद्धार कोष र प्रधानमन्त्री राहत कोषमा आर्थिक सहयोग गरिदिनु हुन सबैमा हार्दिक अपिल बागमती प्रदेश सरकार कृषि, पशुपन्छी, वन तथा वातावरण मन्त्रालय वन निर्देशनालय हेटौँडा, मकवानपुर, नेपाल भाषा चयन गर्नुहोस् NEP ENG खोज्नुहोस् मुख्य नेभिगेसनमा जानुहोस् महत्त्वपूर्ण सूचना श्री जलदेवी सा.व.उ.स., भरतपुर उ"
dhading.ado.gov.np,,provincial,bagamati,bagamati,ado.gov.np,,federal,federal,federal,subdomain,1,,,True,https://dhading.ado.gov.np/,requests,unknown,none,False,,,unknown,none,False,review,child header/logo evidence does not give one clear jurisdiction | assigned-parent official source could not be fetched,"Welcome | Agriculture Development Office || Dhading | कृषि विकास कार्यालय, धादिङको वेभसाइटमा यहाँलाई हार्दिक स्वागत छ । | सूचना | प्रकाशनहरु | पुस्तिका | कार्यालय प्रमुख | सूचना अधिकारी | कृषि विकास कार्यालय | फेसबुक | नेपाली पात्रो | नागरिक वडापत्र | फोटो ग्यालरी | महत्वपूर्ण लिङ्कहरु | कार्यालय भएकाे स्थान | सम्पर्क | कृषि विकास कार्यालय, धादिङ | Admin login | logo",
dol.gov.np,Department of Labour and Occupational Safety,federal,federal,federal,panautimun.gov.np,पनौती नगरपालिका,local,local,local,exclusive,1,,,True,https://dol.gov.np/,playwright,unknown,none,False,,,unknown,none,False,review,child header/logo evidence does not give one clear jurisdiction | assigned-parent official source could not be fetched,"Department of Labour and Occupational Safety | Department of Labour and Occupational Safety - Non-Nepalese Work Permit, Labour Supplier, Trade Union Services | श्रमिकहरुको न्यूनतम पारिश्रमिक, सेवा सुविधाको दररेट कार्यान्वयन सम्वन्धी सूचना | १.२ नीति तथा कार्यनीतिः | १.३ दूरगामी सोचः | १.४ श्रम तथा व्यवसायजन्य सुरक्षा विभाग गठनका उद्धेश्यहरुः | १.५ श्रम तथा व्यवसायजन्य सुरक्षा विभागका कार्यहरुः | Department of Labour & Occupation Safety | हाम्रो सेवाहरु | श्रम इजाजत | ट्रेड युनियन | श्रमिक आपुर्तिकर्ता इजाजतपत्र | सम्पर्क विवरण | जडान गरिरहनुहोस्",
dolfd.bagmati.gov.np,,provincial,bagamati,bagamati,bagmati.gov.np,अधिकार सम्पन्न वाग्मती सभ्यता एकीकृत विकास समिति,federal,federal,federal,subdomain-seat,1,,,False,,,unknown,none,True,https://bagmati.gov.np/,playwright,federal,strong,False,source_unreachable,child official source could not be fetched,,"High Powered Committee for Integrated Development of the Bagmati Civilization | अधिकार सम्पन्न वाग्मती सभ्यता एकीकृत विकास समिति | High Powered Committee for Integrated Development of the Bagmati Civilization | Powered by GIWMS | DOIT | महत्त्वपूर्ण सूचना प्रधानमन्त्री दैवी प्रकोप उद्धार कोष र प्रधानमन्त्री राहत कोषमा आर्थिक सहयोग गरिदिनु हुन सबैमा हार्दिक अपिल नेपाल सरकार पूर्वाधार विकास मन्त्रालय अधिकार सम्पन्न वाग्मती सभ्यता एकीकृत विकास समिति गुह्येश्वरी फाँट, काठमाण्डौ भाषा चयन गर्नुहोस् NEP ENG NEP NEP ENG खोज्नुहोस् वि.सं: २०८३ भदौ २६ गते शुक्रबार, १७:०० बजे नेपाल संवत: ११४६ गुलागा आमै "
dolpa.akc.gov.np,कृषि ज्ञान केन्द्र डोल्पा,provincial,karnali,karnali,akc.gov.np,,federal,federal,federal,subdomain,1,,,False,,,unknown,none,True,https://akc.gov.np/,playwright,unknown,none,False,source_unreachable,child official source could not be fetched | assigned-parent header/logo evidence does not give one clear jurisdiction,,403 Forbidden | Forbidden
gulmi.vethos.gov.np,"Veterinary Hospital and Livestock Expert Center, Gulmi",provincial,lumbini,lumbini,vethos.gov.np,,federal,federal,federal,subdomain,1,,,True,https://gulmi.vethos.gov.np/,requests,unknown,none,True,https://vethos.gov.np/,playwright,unknown,none,False,review,child header/logo evidence does not give one clear jurisdiction | assigned-parent header/logo evidence does not give one clear jurisdiction,"Welcome | Veterinary Hospital and Livestock Expert Center | Gulmi | भिडियो ग्यालरी | सूचना | प्रकाशनहरु | प्रमुख | सूचना अधिकारी | पुस्तिकाहरु | नेपाली पात्रो | फोटो ग्यालरी | उपयोगी लिङ्कहरु | कृषि सूचना तथा प्रशिक्षण केन्द्र | कृषि तथा पशुपन्छी विकास मन्त्रालय | पशु सेवा बिभाग | कृषि बिभाग | खाद्य प्रविधि तथा गुण नियन्त्रण विभाग | कृषि, खाद्य प्रविधि तथा भूमि व्यवस्था मन्त्रालय | पशुपन्छी तथा मत्स्य विकास निर्देशनालय | कृषि विकास निर्देशनालय | नेपाल पशु चिकित्सा परिषद् | नेपाल कृषि अनुसन्धान परिषद | कृषि छेत्रमा सफलताको कथा | पशुपंक्षी किन विरामी पर्छन् ? रोग लाग्नै नदिन के गर्ने ? | बाख्रा ",403 Forbidden | Forbidden
ilam.akc.gov.np,"कृषि ज्ञान केन्द्र, इलाम",provincial,koshi,koshi,akc.gov.np,,federal,federal,federal,subdomain,1,,,True,https://ilam.akc.gov.np/,requests,unknown,none,True,https://akc.gov.np/,playwright,unknown,none,False,review,child header/logo evidence does not give one clear jurisdiction | assigned-parent header/logo evidence does not give one clear jurisdiction,"Welcome | AKC Ilam | कृषि ज्ञान केन्द्र इलाममा हजुरलाई स्वागत छ | सूचना | प्रकाशनहरु | कार्यालय प्रमुख | सूचना अधिकारी | फोटो ग्यालरी | कृषि ज्ञान केन्द्र | फेसबुक | सम्पर्क | कृषि ज्ञान केन्द्र, इलाम | महत्वपूर्ण लिङ्कहरु | भिडियो ग्यालरी | कार्यालय भएकाे स्थान | Logo | icon",403 Forbidden | Forbidden
jhapa.akc.gov.np,"Agriculture Knowledge Center, Jhapa",provincial,koshi,koshi,akc.gov.np,,federal,federal,federal,subdomain,1,,,True,https://jhapa.akc.gov.np/,requests,unknown,none,True,https://akc.gov.np/,playwright,unknown,none,False,review,child header/logo evidence does not give one clear jurisdiction | assigned-parent header/logo evidence does not give one clear jurisdiction,"Welcome | Agriculture Knowledge Center | Jhapa | कृषि ज्ञान केन्द्र, झापामा हजुरलाई स्वागत छ | सूचना | प्रकाशनहरु | कार्यालय प्रमुख | सूचना अधिकारी | फोटो ग्यालरी | कृषि ज्ञान केन्द्र | फेसबुक | सम्पर्क | कृषि ज्ञान केन्द्र, झापा | महत्वपूर्ण लिङ्कहरु | भिडियो ग्यालरी | कार्यालय भएकाे स्थान | Logo | icon",403 Forbidden | Forbidden
kavre.ado.gov.np,"Agriculture Development Office, Kavre",provincial,bagamati,bagamati,ado.gov.np,,federal,federal,federal,subdomain,1,,,True,https://kavre.ado.gov.np/,requests,unknown,none,False,,,unknown,none,False,review,child header/logo evidence does not give one clear jurisdiction | assigned-parent official source could not be fetched,"Welcome | Agriculture Development Office || Kavre | कृषि विकास कार्यालय, काभ्रेपलान्चोकको वेभसाइटमा यहाँलाई हार्दिक स्वागत छ | सूचना | तथ्यांक विवरण | प्रकाशनहरु | आवश्यक सफ्टवेयरको लिंकहरू | कार्यालय प्रमुख | सूचना अधिकारी | कृषि विकास कार्यालय | फेसबुक | नेपाली पात्रो | नागरिक वडापत्र | पुस्तिका | फोटो ग्यालरी | भिडियो ग्यालरी | महत्वपूर्ण लिङ्कहरु | कार्यालय भएकाे स्थान | सम्पर्क | कृषि विकास कार्यालय, काभ्रे | कार्यालय समय | सोमबार देखि शुक्रबार (सार्वजनिक बिदा बाहेक) | जाडो (कार्तिक १६ देखि माघ १५) बिहान ९:०० देखि बेलुकी ४:०० सम्म | गर्मी (माघ १६ देखि कार्तिक १५) बिहान ९:०० देखि बेलुकी ५:",
kavre.akc.gov.np,,provincial,bagamati,bagamati,akc.gov.np,,federal,federal,federal,subdomain,1,,,True,https://kavre.ado.gov.np/,requests,unknown,none,True,https://akc.gov.np/,playwright,unknown,none,False,review,child header/logo evidence does not give one clear jurisdiction | assigned-parent header/logo evidence does not give one clear jurisdiction,"Welcome | Agriculture Development Office || Kavre | कृषि विकास कार्यालय, काभ्रेपलान्चोकको वेभसाइटमा यहाँलाई हार्दिक स्वागत छ | सूचना | तथ्यांक विवरण | प्रकाशनहरु | आवश्यक सफ्टवेयरको लिंकहरू | कार्यालय प्रमुख | सूचना अधिकारी | कृषि विकास कार्यालय | फेसबुक | नेपाली पात्रो | नागरिक वडापत्र | पुस्तिका | फोटो ग्यालरी | भिडियो ग्यालरी | महत्वपूर्ण लिङ्कहरु | कार्यालय भएकाे स्थान | सम्पर्क | कृषि विकास कार्यालय, काभ्रे | कार्यालय समय | सोमबार देखि शुक्रबार (सार्वजनिक बिदा बाहेक) | जाडो (कार्तिक १६ देखि माघ १५) बिहान ९:०० देखि बेलुकी ४:०० सम्म | गर्मी (माघ १६ देखि कार्तिक १५) बिहान ९:०० देखि बेलुकी ५:",403 Forbidden | Forbidden
lalitpur.akc.gov.np,"Agriculture Development Office, Lalitpur",provincial,bagamati,bagamati,akc.gov.np,,federal,federal,federal,subdomain,1,,,True,https://lalitpur.akc.gov.np/,requests,unknown,none,True,https://akc.gov.np/,playwright,unknown,none,False,review,child header/logo evidence does not give one clear jurisdiction | assigned-parent header/logo evidence does not give one clear jurisdiction,"Welcome | Agriculture Development Office || Lalitpur | कृषि विकास कार्यालय, ललितपुरको वेबसाइटमा यहाँलाई हार्दिक स्वागत छ | | सूचना | प्रकाशनहरु | पुस्तिका | कार्यालय प्रमुख | सूचना अधिकारी | कृषि विकास कार्यालय | फेसबुक | नेपाली पात्रो | फोटो ग्यालरी | महत्वपूर्ण लिङ्कहरु | कार्यालय भएकाे स्थान | सम्पर्क | कृषि विकास कार्यालय, ललितपुर | Admin login | logo | ABPAS_NP",403 Forbidden | Forbidden
lidpo.karnali.gov.np,Local Infrastructure Development Project office Surkhet,federal,federal,federal,karnali.gov.np,कर्णाली प्रदेश सरकार,provincial,karnali,karnali,subdomain-reattach,1,,,True,https://lidpo.karnali.gov.np/,requests,mixed,ambiguous,True,http://karnali.gov.np/ | http://karnali.gov.np/node/175 | http://karnali.gov.np/node/164,requests,karnali,strong,False,review,child header/logo evidence does not give one clear jurisdiction,"Local Infrastructure Development Project office Surkhet | स्थानीय पूर्वाधार विकास आयोजना कार्यालय | Local Infrastructure Development Project office Surkhet | Powered by GIWMS | DOIT | महत्त्वपूर्ण सूचना प्रधानमन्त्री दैवी प्रकोप उद्धार कोष र प्रधानमन्त्री राहत कोषमा आर्थिक सहयोग गरिदिनु हुन सबैमा हार्दिक अपिल नेपाल सरकार पूर्वाधार विकास मन्त्रालय स्थानीय पूर्वाधार विकास विभाग स्थानीय पूर्वाधार विकास आयोजना कार्यालय कर्णाली प्रदेश, वीरेन्द्रनगर, सुर्खेत भाषा चयन गर्नुहोस् NEP ENG खोज्नुहोस् मुख्य नेभिगेसनमा जानुहोस् महत्त्वपूर्ण सूचना काम सुचारु गरी सम्पन्न गर्ने सम्बन्धमा (सूचना प्रकाशन मिति २","Home | कर्णाली प्रदेश पोर्टल | Toggle navigation कर्णाली प्रदेश पोर्टल गृहपृष्ठ ग्यालरी | Home | मुख्यमन्त्री तथा मन्त्रिपरिषद्को कार्यालय | प्रदेश प्रमुखको कार्यालय | प्रदेश सभा सचिवालय | आर्थिक मामिला तथा योजना मन्त्रालय | सामाजिक विकास मन्त्रालय | जलस्रोत तथा ऊर्जा विकास मन्त्रालय | भुमि व्यवस्था, कृषि तथा सहकारी मन्त्रालय | भौतिक पूर्वाधार तथा शहरी विकास मन्त्रालय | उद्योग, पर्यटन, वन तथा वातावरण मन्त्रालय | कर्णाली प्रदेश प्रशिक्षण प्रतिष्ठान | प्रदेश योजना आयोग | प्रदेश लोक सेवा आयोग,कर्णाली प्रदेश | प्रदेश लेखा नियन्त्रक ‌‌‌कार्यालय | शिक्षा विकास निर्देशनालय | मुख्य न्यायाधिवक्ताको कार"
myagdi.akc.gov.np,"Agriculture Knowledge Centre, Myagdi",provincial,gandaki,gandaki,akc.gov.np,,federal,federal,federal,subdomain,1,,,True,https://myagdi.akc.gov.np/ | https://myagdi.akc.gov.np,requests,unknown,none,True,https://akc.gov.np/,playwright,unknown,none,False,review,child header/logo evidence does not give one clear jurisdiction | assigned-parent header/logo evidence does not give one clear jurisdiction,कृषि विकास कार्यालय | हाम्रो बारेमा पृष्ठभूमि दरबन्दी संरचना नागरिक वडापत्र कार्यालयका कर्मचारीहरु सूचना तथा समाचारहरु समाचार र गतिविधिहरु कानुनी दस्तावेज मापदण्ड तथा कार्यविधि प्रकाशन/अभिलेख स्वतः प्रकाशन पुस्तक कार्यक्रम प्रतिवेदन वार्षिक प्रतिवेदन मिडिया फोटोहरु भिडियोहरु सम्पर्क | पृष्ठभूमि | सञ्जीव बाँस्तोला | गणेश बानियाँ | समाचार तथा गतिविधि | अनुदान कार्यक्रमहरुको लागि आवेदन फारम | आ व २०८३/८४ को अनुदान कार्यक्रम संचालनकालागि आवेदन पेश गर्ने सम्बन्धी सूचना | बीउ विजन अनुमति नविकरण सम्बन्धमा | मकै बीउ उत्पादन तथा मकै बाली प्रवर्द्धन आयोजनाको सूचना । | आ व २०८१/८२ को कार्यक्रम संचालनका ल,403 Forbidden | Forbidden
nawalpur.ado.gov.np,,provincial,gandaki,gandaki,ado.gov.np,,federal,federal,federal,subdomain,1,,,True,https://nawalpur.ado.gov.np/,requests,unknown,none,False,,,unknown,none,False,review,child header/logo evidence does not give one clear jurisdiction | assigned-parent official source could not be fetched,"Welcome | Agriculture Development Office || Nawalpur | सूचना | प्रकाशनहरु | पुस्तिका | कार्यालय प्रमुख | सूचना अधिकारी | नेपाली पात्रो | नागरिक वडापत्र | फोटो ग्यालरी | महत्वपूर्ण लिङ्कहरु | भिडियो ग्यालरी | कार्यालय भएकाे स्थान | सम्पर्क | कृषि विकास कार्यालय, नवलपरासी (ब.सु.पू,) | Admin login | logo",
nuwakot.ado.gov.np,,provincial,bagamati,bagamati,ado.gov.np,,federal,federal,federal,subdomain,1,,,True,https://nuwakot.ado.gov.np/,requests,unknown,none,False,,,unknown,none,False,review,child header/logo evidence does not give one clear jurisdiction | assigned-parent official source could not be fetched,"Welcome | Agriculture Development Office || Nuwakot | कृषि विकास कार्यालय, नुवाकोटको वेवसाइटमा यहाँलाई हार्दिक स्वागत छ । | सूचना | प्रकाशनहरु | पुस्तिका | कार्यालय प्रमुख | सूचना अधिकारी | नेपाली पात्रो | नागरिक वडापत्र | फोटो ग्यालरी | महत्वपूर्ण लिङ्कहरु | कार्यालय भएकाे स्थान | कृषि विकास कार्यालय | फेसबुक | सम्पर्क | कृषि विकास कार्यालय, नुवाकोट | Admin login | logo",
ocos.lumbini.gov.np,"Office of the Province Chief, Lumbini (प्रदेश प्रमुखको कार्यालय, लुम्बिनी)",federal,federal,federal,lumbini.gov.np,लुम्बिनी प्रदेश सरकार,provincial,lumbini,lumbini,subdomain-reattach,1,,,True,https://ocos.lumbini.gov.np/,requests,mixed,ambiguous,True,https://lumbini.gov.np/,playwright,unknown,none,False,review,child header/logo evidence does not give one clear jurisdiction | assigned-parent header/logo evidence does not give one clear jurisdiction,"Office of the Province Chief, Lumbini (प्रदेश प्रमुखको कार्यालय, लुम्बिनी) | प्रदेश प्रमुखको कार्यालय | Office of the Province Chief, Lumbini (प्रदेश प्रमुखको कार्यालय, लुम्बिनी) | Powered by GIWMS | DOIT | महत्त्वपूर्ण सूचना प्रधानमन्त्री दैवी प्रकोप उद्धार कोष र प्रधानमन्त्री राहत कोषमा आर्थिक सहयोग गरिदिनु हुन सबैमा हार्दिक अपिल नेपाल सरकार प्रदेश प्रमुखको कार्यालय लुम्बिनी प्रदेश, मुकाम बुटवल, नेपाल भाषा चयन गर्नुहोस् NEP ENG खोज्नुहोस् मुख्य नेभिगेसनमा जानुहोस् महत्त्वपूर्ण सूचना विज्ञप्ति विज्ञप्ति विज्ञप्ति विज्ञप्ति विज्ञप्ति वि.सं: नेपाल संवत: ११४६ गुलागा आमै - ३० प्रदेश प्रमुख माननीय",403 Forbidden | Forbidden
okhaldhunga.akc.gov.np,,provincial,koshi,koshi,akc.gov.np,,federal,federal,federal,subdomain,1,,,True,https://okhaldhunga.akc.gov.np/,requests,unknown,none,True,https://akc.gov.np/,playwright,unknown,none,False,review,child header/logo evidence does not give one clear jurisdiction | assigned-parent header/logo evidence does not give one clear jurisdiction,"Welcome | Agriculture Development Office || Okhaldhunga | कृषि ज्ञान केन्द्र ओखलढुंगाको वेभसाइटमा यहाँलाई हार्दिक स्वागत छ । | सूचना | प्रकाशनहरु | कार्यालय प्रमुख | सूचना अधिकारी | नेपाली पात्रो | फोटो ग्यालरी | महत्वपूर्ण लिङ्कहरु | भिडियो ग्यालरी | कार्यालय भएकाे स्थान | सम्पर्क | कृषि ज्ञान केन्द्र, ओखलढुंगा | Admin login | logo",403 Forbidden | Forbidden
oph.gandaki.gov.np,Office of the chief of Province Gandaki,federal,federal,federal,gandaki.gov.np,गण्डकी प्रदेश सरकार,provincial,gandaki,gandaki,subdomain-seat,1,,,True,https://oph.gandaki.gov.np/,requests,mixed,ambiguous,False,,,unknown,none,False,review,child header/logo evidence does not give one clear jurisdiction | assigned-parent official source could not be fetched,"Office of the chief of Province Gandaki | प्रदेश प्रमुखको कार्यालय, गण्डकी प्रदेश | महत्त्वपूर्ण सूचना प्रधानमन्त्री दैवी प्रकोप उद्धार कोष र प्रधानमन्त्री राहत कोषमा आर्थिक सहयोग गरिदिनु हुन सबैमा हार्दिक अपिल नेपाल सरकार प्रदेश प्रमुखको कार्यालय गण्डकी प्रदेश, पोखरा भाषा चयन गर्नुहोस् NEP ENG खोज्नुहोस् मुख्य नेभिगेसनमा जानुहोस् महत्त्वपूर्ण सूचना ""गण्डकी प्रदेशका खाद्य अधिकार तथा खाद्य गुणस्तर सम्बन्धमा व्यवस्था गर्न बनेको विधेयक"" प्रमाणीकरण प्रदेश लोक सेवा आयोगको छैटौं वार्षिक प्रतिवेदन (आ.व. २०८२/८३) प्रदेश लोक सेवा आयोगको छैटौं वार्षिक प्रतिवेदन (आ.व. २०८२/८३) मौजुदा मन्त्रिपरिषद्‍मा हेर",
oph.koshi.gov.np,Office of the Provincial Chief Koshi,federal,federal,federal,koshi.gov.np,कोशी प्रदेश सरकार,provincial,koshi,koshi,subdomain-seat,2,,,True,https://oph.koshi.gov.np/ | https://oph.koshi.gov.np/gallery/detail/9,requests,mixed,ambiguous,True,https://koshi.gov.np/ | https://koshi.gov.np,requests,koshi,strong,False,review,child header/logo evidence does not give one clear jurisdiction,"Office of the Provincial Chief Koshi | प्रदेश प्रमुखको कार्यालय | Office of the Provincial Chief Koshi | Powered by GIWMS | DOIT | महत्त्वपूर्ण सूचना प्रधानमन्त्री दैवी प्रकोप उद्धार कोष र प्रधानमन्त्री राहत कोषमा आर्थिक सहयोग गरिदिनु हुन सबैमा हार्दिक अपिल नेपाल सरकार प्रदेश प्रमुखको कार्यालय कोशी प्रदेश, विराटनगर भाषा चयन गर्नुहोस् NEP ENG खोज्नुहोस् मुख्य नेभिगेसनमा जानुहोस् महत्त्वपूर्ण सूचना विज्ञप्ति(मिति २०८३।०५।०१ गते कोशी मन्त्रिपरिषद् विस्तार सम्बन्धि सूचना) विज्ञप्ति विज्ञप्ति विज्ञप्ति महालेखापरीक्षकको कार्यालयको आ.व. ०८१/८२ को वार्षिक प्रतिवेदन । मुस्लिम आयोगको आ.व. ०८१/८२ को वार्",THE OFFICIAL PORTAL OF GOVERNMENT OF KOSHI PROVINCE | कोशी प्रदेश सरकारको आधिकारिक पोर्टल THE OFFICIAL PORTAL OF GOVERNMENT OF KOSHI PROVINCE ☰ गृहपृष्ठ मौजुदा कानूनहरु ▼ ऐन नियमावली कार्यविधि निर्देशिका गठन आदेश ऐन संग्रह दिग्दर्शन नीति तथा कार्यक्रम सूचनाहरु ▼ साधारण सूचना खरिद सूचना प्रेस विज्ञप्ती परिपत्र स्वतः प्रकाशन खर्चको फाँटबारी आवधिक योजना प्रतिवेदन ▼ वार्षिक प्रतिवेदन त्रैमासिक प्रगति प्रतिवेदन प्रकाशन ▼ कोशी दर्पण अन्य प्रकाशन पदपूर्ती ▼ विज्ञापन लिखित नतिजा सिफारिस सबै निकाय अन्य सम्पर्क | THE OFFICIAL PORTAL OF GOVERNMENT OF KOSHI PROVINCE logo | कोशी प्रदेश सरकारको आधिकारिक पोर
oph.madhesh.gov.np,Office of the Provincial Chief Madhesh Province,federal,federal,federal,madhesh.gov.np,मधेश प्रदेश सरकार,provincial,madhesh,madhesh,subdomain-seat,2,,,True,https://oph.madhesh.gov.np/,requests,mixed,ambiguous,True,https://madhesh.gov.np/ | https://madhesh.gov.np/node/157 | https://madhesh.gov.np/node/156,requests,madhesh,strong,True,review,child header/logo evidence does not give one clear jurisdiction,"Office of the Provincial Chief Madhesh Province | प्रदेश प्रमुखको कार्यालय | Office of the Provincial Chief Madhesh Province | Powered by GIWMS | DOIT | महत्त्वपूर्ण सूचना प्रधानमन्त्री दैवी प्रकोप उद्धार कोष र प्रधानमन्त्री राहत कोषमा आर्थिक सहयोग गरिदिनु हुन सबैमा हार्दिक अपिल नेपाल सरकार प्रदेश प्रमुखको कार्यालय मधेश प्रदेश, जनकपुरधाम भाषा चयन गर्नुहोस् NEP ENG खोज्नुहोस् मुख्य नेभिगेसनमा जानुहोस् महत्त्वपूर्ण सूचना मधेश प्रदेश सभाको सातौं अधिवेशन अन्त्य विधेयक प्रमाणीकरण मुस्लिम आयोगको सातौं वार्षिक प्रतिवेदन पेश (आ.ब. २०८१/८२) मधेश प्रदेश सरकारको मन्त्रिपरिषद पुनर्गठन (2083/02/12 ) प्रदेश","Province Offices | मधेश प्रदेश पोर्टल | Toggle navigation मधेश प्रदेश पोर्टल | Home | प्रदेश प्रमुखको कार्यालय | मुख्यमन्त्री तथा मन्त्रिपरिषद्को कार्यालय | मधेश प्रदेश सभा | अर्थ मन्त्रालय | गृह, सञ्चार तथा कानुन मन्त्रालय | वन तथा वातावरण मन्त्रालय | भौतिक पूर्वाधार विकास मन्त्रालय | भुमि व्यवस्था, कृषि तथा सहकारी मन्त्रालय | स्वास्थ्य तथा जनसङ्ख्या मन्त्रालय | ऊर्जा, सिँचाई तथा खानेपानी मन्त्रालय | शिक्षा तथा संस्कृति मन्त्रालय | उद्योग, वाणिज्य तथा पर्यटन मन्त्रालय | श्रम तथा यातायात मन्त्रालय | खेलकुद तथा समाज कल्याण मन्त्रालय | प्रदेश नीति तथा योजना आयोग | प्रदेश लोक सेवा आयोग,मधेश प्रदे"
oph.sudurpashchim.gov.np,"Office of the Provincial Chief, Sudurpaschim Province",federal,federal,federal,sudurpashchim.gov.np,सुदूरपश्चिम प्रदेश सरकार,provincial,sudurpashchim,sudurpashchim,subdomain-seat,1,,,True,https://oph.sudurpashchim.gov.np/,requests,mixed,ambiguous,False,,,unknown,none,False,review,child header/logo evidence does not give one clear jurisdiction | assigned-parent official source could not be fetched,"Office of the Provincial Chief, Sudurpaschim Province | प्रदेश प्रमुखको कार्यालय | Office of the Provincial Chief, Sudurpaschim Province | Government of Nepal Office of Provincial Head | महत्त्वपूर्ण सूचना प्रधानमन्त्री दैवी प्रकोप उद्धार कोष र प्रधानमन्त्री राहत कोषमा आर्थिक सहयोग गरिदिनु हुन सबैमा हार्दिक अपिल नेपाल सरकार प्रदेश प्रमुखको कार्यालय धनगढी, कैलाली, नेपाल भाषा चयन गर्नुहोस् NEP ENG खोज्नुहोस् मुख्य नेभिगेसनमा जानुहोस् महत्त्वपूर्ण सूचना माननीय प्रदेश प्रमुख श्री नजिर मियाँज्यू समक्ष राष्ट्रिय मानव अधिकार आयोगको वार्षिक प्रतिवेदन (आ.व. २०८२/०८३) पेश गरेको सम्बन्धी विज्ञप्ती । मानन",
palpatmso.dotm.gov.np,"यातायात व्यवस्था सेवा कार्यालय, पाल्पा",provincial,lumbini,lumbini,dotm.gov.np,Department of Transportation managmenet,federal,federal,federal,subdomain,2,,,False,,,unknown,none,True,https://dotm.gov.np/,requests,federal,strong,False,source_unreachable,child official source could not be fetched,,"Department of Transportation managmenet | यातायात व्यवस्था विभाग | Department of Transportation managmenet | www.dotm.gov.np | महत्त्वपूर्ण सूचना प्रधानमन्त्री दैवी प्रकोप उद्धार कोष र प्रधानमन्त्री राहत कोषमा आर्थिक सहयोग गरिदिनु हुन सबैमा हार्दिक अपिल नेपाल सरकार पूर्वाधार विकास मन्त्रालय यातायात व्यवस्था विभाग मीनभवन, काठमाडौं भाषा चयन गर्नुहोस् NEP ENG खोज्नुहोस् मुख्य नेभिगेसनमा जानुहोस् महत्त्वपूर्ण सूचना विज्ञप्ती यातायात वार्षिक पत्रिका २०८३ विज्ञप्ती सवारी चालक अनुमति पत्र तथा सवारी दर्ता प्रणाली (EDLVRS) अनलाइन हुने सम्बन्धी सूचना।। सार्वजनिक अनुरोध सम्बन्धमा।। मिति २०८३।०३।०८ गते वि"
parsa.akc.gov.np,,provincial,madhesh,madhesh,akc.gov.np,,federal,federal,federal,subdomain,1,,,True,https://parsa.akc.gov.np/,requests,unknown,none,True,https://akc.gov.np/,playwright,unknown,none,False,review,child header/logo evidence does not give one clear jurisdiction | assigned-parent header/logo evidence does not give one clear jurisdiction,"Welcome | Agriculture Development Office || Parsa | कृषि ज्ञान केन्द्र, पर्साको वेभसाइटमा यहाँलाई हार्दिक स्वागत छ । | सूचना | प्रकाशनहरु | पुस्तिका | कार्यालय प्रमुख | सूचना अधिकारी | नेपाली पात्रो | फोटो ग्यालरी | महत्वपूर्ण लिङ्कहरु | भिडियो ग्यालरी | कार्यालय भएकाे स्थान | सम्पर्क | कृषि ज्ञान केन्द्र, पर्सा | Admin login | logo",403 Forbidden | Forbidden
rolpa.vethos.gov.np,,provincial,lumbini,lumbini,vethos.gov.np,,federal,federal,federal,subdomain,1,,,False,,,unknown,none,True,https://vethos.gov.np/,playwright,unknown,none,False,source_unreachable,child official source could not be fetched | assigned-parent header/logo evidence does not give one clear jurisdiction,,403 Forbidden | Forbidden
rupandehi.vethos.gov.np,"Veterinary Hospital and Livestock Expert Center, Rupandehi",provincial,lumbini,lumbini,vethos.gov.np,,federal,federal,federal,subdomain,1,,,True,https://rupandehi.vethos.gov.np/,requests,unknown,none,True,https://vethos.gov.np/,playwright,unknown,none,False,review,child header/logo evidence does not give one clear jurisdiction | assigned-parent header/logo evidence does not give one clear jurisdiction,"Welcome | Veterinary Hospital and Livestock Expert Center | Rupandehi | भिडियो ग्यालरी | हाम्रो बारेमा | सूचना | प्रकाशनहरु | प्रमुख | सूचना अधिकारी | पुस्तिकाहरु | नेपाली पात्रो | फोटो ग्यालरी | उपयोगी लिङ्कहरु | कृषि सूचना तथा प्रशिक्षण केन्द्र | कृषि तथा पशुपन्छी विकास मन्त्रालय | पशु सेवा बिभाग | कृषि बिभाग | खाद्य प्रविधि तथा गुण नियन्त्रण विभाग | कृषि, खाद्य प्रविधि तथा भूमि व्यवस्था मन्त्रालय | पशुपन्छी तथा मत्स्य विकास निर्देशनालय | कृषि विकास निर्देशनालय | नेपाल पशु चिकित्सा परिषद् | नेपाल कृषि अनुसन्धान परिषद | जलचरको संरक्षण कसरी गर्ने? | पशुपंक्षी किन विरामी पर्छन् ? रोग लाग्नै नदि",403 Forbidden | Forbidden
sarlahi.akc.gov.np,,provincial,madhesh,madhesh,akc.gov.np,,federal,federal,federal,subdomain,1,,,True,https://sarlahi.akc.gov.np/,requests,unknown,none,True,https://akc.gov.np/,playwright,unknown,none,False,review,child header/logo evidence does not give one clear jurisdiction | assigned-parent header/logo evidence does not give one clear jurisdiction,Welcome | Agriculture Knowledge Center || Sarlahi | कृषि ज्ञान केन्द्र सर्लाहीको वेभसाइटमा यहाँहरुलाई हार्दिक स्वागत छ । | सूचना | प्रकाशनहरु | कार्यालय प्रमुख | सूचना अधिकारी | नेपाली पात्रो | पुस्तिका | फोटो ग्यालरी | महत्वपूर्ण लिङ्कहरु | भिडियो ग्यालरी | कार्यालय भएकाे स्थान | सम्पर्क | कृषि ज्ञान केन्द्र | Admin login | logo,403 Forbidden | Forbidden
solukhumbu.akc.gov.np,,provincial,koshi,koshi,akc.gov.np,,federal,federal,federal,subdomain,1,,,True,https://solukhumbu.akc.gov.np/,requests,unknown,none,True,https://akc.gov.np/,playwright,unknown,none,False,review,child header/logo evidence does not give one clear jurisdiction | assigned-parent header/logo evidence does not give one clear jurisdiction,"Welcome | Agriculture Development Office || Solukhumbu | कृषि ज्ञान केन्द्र, सोलुखुम्बुको वेभसाइटमा यहाँलाई हार्दिक स्वागत छ | सूचना | प्रकाशनहरु | पुस्तिका | कार्यालय प्रमुख | सूचना अधिकारी | नेपाली पात्रो | फोटो ग्यालरी | महत्वपूर्ण लिङ्कहरु | भिडियो ग्यालरी | कार्यालय भएकाे स्थान | सम्पर्क | कृषि ज्ञान केन्द्र, सोलुखुम्बु | Admin login | logo",403 Forbidden | Forbidden
swmonuwakot.bagmati.gov.np,"Land and Watershed Management Office, Nuwakot",provincial,bagamati,bagamati,bagmati.gov.np,अधिकार सम्पन्न वाग्मती सभ्यता एकीकृत विकास समिति,federal,federal,federal,subdomain-reattach,1,,,True,https://swmonuwakot.bagmati.gov.np/,requests,federal,strong,True,https://bagmati.gov.np/,playwright,federal,strong,False,review,,"Land and Watershed Management Office, Nuwakot | भू. तथा जलाधार व्यवस्थापन कार्यालय, विदुर, नुवाकोट। | Land and Watershed Management Office, Nuwakot | Powered by GIWMS | DOIT | महत्त्वपूर्ण सूचना प्रधानमन्त्री दैवी प्रकोप उद्धार कोष र प्रधानमन्त्री राहत कोषमा आर्थिक सहयोग गरिदिनु हुन सबैमा हार्दिक अपिल भू. तथा जलाधार व्यवस्थापन कार्यालय, विदुर, नुवाकोट। भाषा चयन गर्नुहोस् NEP ENG खोज्नुहोस् वि.सं: नेपाल संवत: ११४६ गुलागा आमै - ३० हाम्रोबारे परिचय लक्ष्य र दृष्टि अधिकारी र कर्मचारी नागरिक बडापत्र पृष्ठभूमि कार्यको प्रमुख दायरा डिभिजन/खण्डहरूको कार्यहरू संगठन संरचना सेवाहरू सूचना केन्द्र नीति कार","High Powered Committee for Integrated Development of the Bagmati Civilization | अधिकार सम्पन्न वाग्मती सभ्यता एकीकृत विकास समिति | High Powered Committee for Integrated Development of the Bagmati Civilization | Powered by GIWMS | DOIT | महत्त्वपूर्ण सूचना प्रधानमन्त्री दैवी प्रकोप उद्धार कोष र प्रधानमन्त्री राहत कोषमा आर्थिक सहयोग गरिदिनु हुन सबैमा हार्दिक अपिल नेपाल सरकार पूर्वाधार विकास मन्त्रालय अधिकार सम्पन्न वाग्मती सभ्यता एकीकृत विकास समिति गुह्येश्वरी फाँट, काठमाण्डौ भाषा चयन गर्नुहोस् NEP ENG NEP NEP ENG खोज्नुहोस् वि.सं: २०८३ भदौ २६ गते शुक्रबार, १७:०० बजे नेपाल संवत: ११४६ गुलागा आमै "
syangja.ado.gov.np,"Agriculture Development Office, Syangja",provincial,gandaki,gandaki,ado.gov.np,,federal,federal,federal,subdomain,1,,,True,https://syangja.ado.gov.np/,requests,unknown,none,False,,,unknown,none,False,review,child header/logo evidence does not give one clear jurisdiction | assigned-parent official source could not be fetched,"Welcome | Agriculture Development Office || Syangja | सूचना | प्रकाशनहरु | कार्यालय प्रमुख | सूचना अधिकारी | फोटो ग्यालरी | भिडियो ग्यालरी | महत्वपूर्ण लिङ्कहरु | कार्यालय भएकाे स्थान | कृषि विकास कार्यालय | फेसबुक | सम्पर्क | कृषि विकास कार्यालय , स्याङ्जा | Admin login | Logo",
udayapur.akc.gov.np,"Agriculture Knowledge Center, Udayapur",provincial,koshi,koshi,akc.gov.np,,federal,federal,federal,subdomain,1,,,True,https://udayapur.akc.gov.np/,requests,unknown,none,True,https://akc.gov.np/,playwright,unknown,none,False,review,child header/logo evidence does not give one clear jurisdiction | assigned-parent header/logo evidence does not give one clear jurisdiction,"Welcome | Agriculture Knowledge Center || Udayapur | कृषि ज्ञान केन्द्र, उदयपुरमा स्वागत छ | सूचना | प्रकाशनहरु | कार्यालय प्रमुख | सूचना अधिकारी | फोटो ग्यालरी | महत्वपूर्ण लिङ्कहरु | कृषि ज्ञान केन्द्र उदयपुर | फेसबुक | सम्पर्क | कृषि ज्ञान केन्द्र, उदयपुर | नेपाली पात्रो | भिडियो ग्यालरी | कार्यालय भएकाे स्थान | Logo | icon",403 Forbidden | Forbidden
